state,Vg[V],Id[A/um] at Vd=0.05V
erased,-3.0,1.0332309807381867e-18
erased,-2.75,1.6723659892851246e-17
erased,-2.5,7.19190456707667e-18
erased,-2.25,8.577425085323843e-18
erased,-2.0,1.9556159597422185e-17
erased,-1.75,4.367274702129542e-17
erased,-1.5,9.637611219048365e-15
erased,-1.25,3.4820593344760408e-12
erased,-1.0,1.465196941958069e-09
erased,-0.75,3.2853163738688447e-07
erased,-0.5,2.6905038077036682e-06
erased,-0.25,5.6191943137054695e-06
erased,0.0,8.58210945991196e-06
erased,0.25,1.1538632767703073e-05
erased,0.5,1.4482722740230115e-05
erased,0.75,1.7413453588484722e-05
erased,1.0,2.0331043470775342e-05
erased,1.25,2.3236000169040704e-05
erased,1.5,2.6128886228609888e-05
erased,1.75,2.901024655093737e-05
erased,2.0,3.188058653887979e-05
erased,2.25,3.4740367613916145e-05
erased,2.5,3.759000889382982e-05
erased,2.75,4.042989090143492e-05
erased,3.0,4.326035971409235e-05
erased,3.25,4.608173094379274e-05
erased,3.5,4.889429333460661e-05
erased,3.75,5.169831192950483e-05
erased,4.0,5.449403082344938e-05
erased,4.25,5.728167554511289e-05
erased,4.5,6.00614551140616e-05
erased,4.75,6.283356381959587e-05
erased,5.0,6.55981827616956e-05
erased,5.25,6.835548118971968e-05
erased,5.5,7.110561766945372e-05
erased,5.75,7.38487411033073e-05
erased,6.0,7.658499162577754e-05
neutral,-3.0,6.29269688547076e-18
neutral,-2.75,6.585738468582087e-18
neutral,-2.5,1.618741303470783e-17
neutral,-2.25,1.1548793869415121e-17
neutral,-2.0,2.0991610096399887e-17
neutral,-1.75,1.688839919871751e-17
neutral,-1.5,1.0488802962519105e-17
neutral,-1.25,9.773650481392105e-18
neutral,-1.0,8.04571218887484e-18
neutral,-0.75,5.7566415699275916e-18
neutral,-0.5,1.7130741156547648e-17
neutral,-0.25,1.6114336117566216e-15
neutral,0.0,5.222272860768494e-13
neutral,0.25,2.1452420575864143e-10
neutral,0.5,7.590574678911254e-08
neutral,0.75,1.8039140150493694e-06
neutral,1.0,4.680425284834905e-06
neutral,1.25,7.64102227680079e-06
neutral,1.5,1.0600747019093863e-05
neutral,1.75,1.3548992356425833e-05
neutral,2.0,1.6483969763416205e-05
neutral,2.25,1.9405685241942857e-05
neutral,2.5,2.2314594207916656e-05
neutral,2.75,2.5211253838481518e-05
neutral,3.0,2.8096218402972692e-05
neutral,3.25,3.0970006831596436e-05
neutral,3.5,3.3833094507873295e-05
neutral,3.75,3.6685913635861104e-05
neutral,4.0,3.9528856551316506e-05
neutral,4.25,4.236227982702033e-05
neutral,4.5,4.5186508342052484e-05
neutral,4.75,4.800183901122011e-05
neutral,5.0,5.0808544088637465e-05
neutral,5.25,5.360687404839277e-05
neutral,5.5,5.6397060079219346e-05
neutral,5.75,5.9179316239544294e-05
neutral,6.0,6.195384132005958e-05
programmed,-3.0,7.753929186326146e-18
programmed,-2.75,2.6262588952843598e-18
programmed,-2.5,3.507207963530668e-18
programmed,-2.25,7.00844177091626e-18
programmed,-2.0,6.769311707361655e-18
programmed,-1.75,4.601279987381973e-18
programmed,-1.5,1.0255936749965003e-17
programmed,-1.25,8.602596988910046e-18
programmed,-1.0,5.90876739979422e-18
programmed,-0.75,7.00214488864221e-19
programmed,-0.5,1.2238279304130438e-17
programmed,-0.25,6.744968551913487e-18
programmed,0.0,6.292894570137034e-18
programmed,0.25,1.9138692899652194e-17
programmed,0.5,1.030763886291815e-17
programmed,0.75,2.0516088206006273e-18
programmed,1.0,2.8773567489372314e-16
programmed,1.25,8.009379808806785e-14
programmed,1.5,3.135182726524668e-11
programmed,1.75,1.2864751600798072e-08
programmed,2.0,9.992340905275415e-07
programmed,2.25,3.746873518981997e-06
programmed,2.5,6.699575789424418e-06
programmed,2.75,9.661658306482817e-06
programmed,3.0,1.2613912893253307e-05
programmed,3.25,1.5553145122425177e-05
programmed,3.5,1.8479034281744287e-05
programmed,3.75,2.1391952399579187e-05
programmed,4.0,2.429244173313308e-05
programmed,4.25,2.7181062947753333e-05
programmed,4.5,3.0058347774570778e-05
programmed,4.75,3.2924785633471756e-05
programmed,5.0,3.5780822163478214e-05
programmed,5.25,3.86268619330703e-05
programmed,5.5,4.146327242301151e-05
programmed,5.75,4.429038815638459e-05
programmed,6.0,4.7108514551907474e-05
