state,Vg[V],psi_s[V],Qinv[C/cm2]
erased (+3e12 /cm2),-2.0,-0.3195682259400055,4.076991533042396e-21
erased (+3e12 /cm2),-1.75,-0.2002033804235134,2.4708628543272837e-19
erased (+3e12 /cm2),-1.5,-0.058642030502631275,4.300290741560299e-17
erased (+3e12 /cm2),-1.25,0.09673008529809504,1.4255591836843066e-14
erased (+3e12 /cm2),-1.0,0.26166645802009075,7.2176784217662896e-12
erased (+3e12 /cm2),-0.75,0.42384372778013085,3.3770931599543673e-09
erased (+3e12 /cm2),-0.5,0.4913788808388735,4.000054597204659e-08
erased (+3e12 /cm2),-0.25,0.5161795720986213,9.113295867787343e-08
erased (+3e12 /cm2),0.0,0.531423111184164,1.4545687579345446e-07
erased (+3e12 /cm2),0.25,0.5426319690608732,2.0110704537663403e-07
erased (+3e12 /cm2),0.5,0.5515831774048378,2.574892434621025e-07
erased (+3e12 /cm2),0.75,0.5590742392271282,3.143397988948291e-07
erased (+3e12 /cm2),1.0,0.5655348107650755,3.715182868547483e-07
erased (+3e12 /cm2),1.25,0.571224665503085,4.289407300185367e-07
erased (+3e12 /cm2),1.5,0.5763138135996153,4.865527140343808e-07
erased (+3e12 /cm2),1.75,0.5809201207031073,5.443168454496151e-07
erased (+3e12 /cm2),2.0,0.5851289547984699,6.02206247108111e-07
erased (+3e12 /cm2),2.25,0.5890043031292073,6.602009041650702e-07
erased (+3e12 /cm2),2.5,0.5925954685084056,7.182854790366703e-07
erased (+3e12 /cm2),2.75,0.5959413102648359,7.764479373774742e-07
erased (+3e12 /cm2),3.0,0.5990730427660617,8.346786475938195e-07
erased (+3e12 /cm2),3.25,0.6020161464500283,8.929697699321628e-07
erased (+3e12 /cm2),3.5,0.6047917111791796,9.513148296754923e-07
erased (+3e12 /cm2),3.75,0.6074174042829952,1.0097084113456193e-06
erased (+3e12 /cm2),4.0,0.6099081833062622,1.0681459347501942e-06
erased (+3e12 /cm2),4.25,0.6122768307489274,1.1266234877883673e-06
erased (+3e12 /cm2),4.5,0.6145343619605523,1.1851376994934021e-06
erased (+3e12 /cm2),4.75,0.6166903408935518,1.2436856421614013e-06
erased (+3e12 /cm2),5.0,0.6187531277691226,1.3022647548745971e-06
erased (+3e12 /cm2),5.25,0.6207300756526489,1.3608727830095063e-06
erased (+3e12 /cm2),5.5,0.6226276881586825,1.419507729857826e-06
erased (+3e12 /cm2),5.75,0.6244517472099712,1.4781678175441428e-06
erased (+3e12 /cm2),6.0,0.6262074174614662,1.5368514551629277e-06
erased (+3e12 /cm2),6.25,0.627899332350323,1.595557212581751e-06
erased (+3e12 /cm2),6.5,0.629531665539198,1.6542837987355275e-06
erased (+3e12 /cm2),6.75,0.6311081906450128,1.7130300435127105e-06
erased (+3e12 /cm2),7.0,0.6326323314959441,1.7717948825384444e-06
erased (+3e12 /cm2),7.25,0.634107204672049,1.8305773443122905e-06
erased (+3e12 /cm2),7.5,0.6355356557153785,1.8893765392736069e-06
erased (+3e12 /cm2),7.75,0.6369202901124946,1.9481916504555917e-06
erased (+3e12 /cm2),8.0,0.6382634999337168,2.007021925457e-06
erased (+3e12 /cm2),8.25,0.6395674868431325,2.065866669513083e-06
erased (+3e12 /cm2),8.5,0.6408342820596982,2.1247252394886486e-06
erased (+3e12 /cm2),8.75,0.6420657637439924,2.1835970386486775e-06
erased (+3e12 /cm2),9.0,0.643263672200946,2.2424815120878792e-06
neutral,-2.0,-0.5227650261090752,-4.0225180373157573e-22
neutral,-1.75,-0.5087212323249919,-3.9050869394207023e-22
neutral,-1.5,-0.4902427642144008,-3.6888452714514403e-22
neutral,-1.25,-0.46396126955045197,-3.1908142350577825e-22
neutral,-1.0,-0.42227662449341397,-1.4325099162778501e-22
neutral,-0.75,-0.35058765139224357,1.3761698238742571e-21
neutral,-0.5,-0.24111161410800058,5.860083631789326e-20
neutral,-0.25,-0.10538663569579304,7.668131509026636e-18
neutral,0.0,0.04618635658016496,2.138700751210144e-15
neutral,0.25,0.2084187294444923,9.619761105777208e-13
neutral,0.5,0.3767960304740868,5.690435882788263e-10
neutral,0.75,0.47850543565995085,2.5444065494841777e-08
neutral,1.0,0.5098480014972929,7.437223603287693e-08
neutral,1.25,0.5271551244461246,1.2801155344855674e-07
neutral,1.5,0.5393713159573819,1.833324774656212e-07
neutral,1.75,0.5489258087990019,2.395199434501124e-07
neutral,2.0,0.5568223775021901,2.962408618686616e-07
neutral,2.25,0.5635762528559285,3.5332622751689516e-07
neutral,2.5,0.5694892216072053,4.1067815059763864e-07
neutral,2.75,0.5747544296495225,4.6823462322978325e-07
neutral,3.0,0.5795035880923339,5.259537475551925e-07
neutral,3.25,0.5838308889967261,5.838057998886664e-07
neutral,3.5,0.587806227115307,6.417688748436362e-07
neutral,3.75,0.5914830194645505,6.998263278788408e-07
neutral,4.0,0.5949030848418078,7.579651908399108e-07
neutral,4.25,0.5980998246304238,8.161751462638983e-07
neutral,4.5,0.6011003727456283,8.744478386915294e-07
neutral,4.75,0.603927093830187,9.327763977571383e-07
neutral,5.0,0.6065986548213447,9.911550990844602e-07
neutral,5.25,0.6091308088017906,1.0495791175853155e-06
neutral,5.5,0.6115369797357681,1.1080443443546058e-06
neutral,5.75,0.6138287062540123,1.1665472483487961e-06
neutral,6.0,0.6160159836490325,1.225084770245033e-06
neutral,6.25,0.6181075310457829,1.2836542398454484e-06
neutral,6.5,0.6201110026894615,1.3422533109890898e-06
neutral,6.75,0.6220331568967571,1.4008799096731486e-06
neutral,7.0,0.6238799925161227,1.459532192272823e-06
neutral,7.25,0.6256568601585344,1.5182085115749937e-06
neutral,7.5,0.6273685536262148,1.5769073889245598e-06
neutral,7.75,0.6290193856458016,1.6356274912010462e-06
neutral,8.0,0.6306132510479314,1.694367611647681e-06
neutral,8.25,0.6321536798221464,1.7531266537995436e-06
neutral,8.5,0.6336438819427731,1.8119036179244925e-06
neutral,8.75,0.6350867854583537,1.870697589516723e-06
neutral,9.0,0.6364850690295285,1.929507729478423e-06
programmed (-3e12 /cm2),-2.0,-0.5662666601126222,-4.2331115107659092e-22
programmed (-3e12 /cm2),-1.75,-0.5603325106929532,-4.2138489693550066e-22
programmed (-3e12 /cm2),-1.5,-0.5536549423129951,-4.1893243440763945e-22
programmed (-3e12 /cm2),-1.25,-0.5460303384753802,-4.157094473483841e-22
programmed (-3e12 /cm2),-1.0,-0.5371609493441153,-4.112965967751549e-22
programmed (-3e12 /cm2),-0.75,-0.526588835546577,-4.049134014252492e-22
programmed (-3e12 /cm2),-0.5,-0.5135629754200499,-3.949400648464826e-22
programmed (-3e12 /cm2),-0.25,-0.4967454282723896,-3.774559635451182e-22
programmed (-3e12 /cm2),0.0,-0.4734894622464331,-3.4049064818422374e-22
programmed (-3e12 /cm2),0.25,-0.43794926590639466,-2.3039009617702297e-22
programmed (-3e12 /cm2),0.5,-0.3775629452294401,4.3579270364646775e-22
programmed (-3e12 /cm2),0.75,-0.2794271770482577,1.5753895661115736e-20
programmed (-3e12 /cm2),1.0,-0.1505706474191309,1.4724003693921527e-18
programmed (-3e12 /cm2),1.25,-0.003297385968448465,3.3640226399097363e-16
programmed (-3e12 /cm2),1.5,0.15593509787397994,1.3253739588361838e-13
programmed (-3e12 /cm2),1.75,0.3235068592780404,7.529330160900937e-11
programmed (-3e12 /cm2),2.0,0.4597430678855943,1.2887414189754426e-08
programmed (-3e12 /cm2),2.25,0.5023123027800139,5.801462580176292e-08
programmed (-3e12 /cm2),2.5,0.5224053873605958,1.107250729426636e-07
programmed (-3e12 /cm2),2.75,0.5358507676817366,1.656424165449547e-07
programmed (-3e12 /cm2),3.0,0.5461044046820075,2.2160337928622808e-07
programmed (-3e12 /cm2),3.25,0.5544567027062767,2.7817820367180037e-07
programmed (-3e12 /cm2),3.5,0.561533622996489,3.351608080601026e-07
programmed (-3e12 /cm2),3.75,0.5676888644976708,3.9243606448101704e-07
programmed (-3e12 /cm2),4.0,0.5731432516822172,4.499328547304397e-07
programmed (-3e12 /cm2),4.25,0.5780446698863978,5.07604004291827e-07
programmed (-3e12 /cm2),4.5,0.5824974328954882,5.654165156969996e-07
programmed (-3e12 /cm2),4.75,0.5865781146864246,6.233463407590278e-07
programmed (-3e12 /cm2),5.0,0.5903447299861813,6.813753710535944e-07
programmed (-3e12 /cm2),5.25,0.593842373198992,7.394896027189095e-07
programmed (-3e12 /cm2),5.5,0.5971068469033017,7.976779638419109e-07
programmed (-3e12 /cm2),5.75,0.6001670880156473,8.559315356771285e-07
programmed (-3e12 /cm2),6.0,0.6030468430603917,9.142430183277166e-07
programmed (-3e12 /cm2),6.25,0.6057658570197556,9.72606353839444e-07
programmed (-3e12 /cm2),6.5,0.6083407370836975,1.0310164538921616e-06
programmed (-3e12 /cm2),6.75,0.6107855931678713,1.0894689989134036e-06
programmed (-3e12 /cm2),7.0,0.6131125214907294,1.1479602871374719e-06
programmed (-3e12 /cm2),7.25,0.6153319755010125,1.2064871193336992e-06
programmed (-3e12 /cm2),7.5,0.6174530544450372,1.2650467094888666e-06
programmed (-3e12 /cm2),7.75,0.6194837307212014,1.3236366146932877e-06
programmed (-3e12 /cm2),8.0,0.6214310310626467,1.382254679451174e-06
programmed (-3e12 /cm2),8.25,0.6233011824258932,1.4408989909739288e-06
programmed (-3e12 /cm2),8.5,0.6250997305721653,1.4995678429400586e-06
programmed (-3e12 /cm2),8.75,0.6268316372865255,1.5582597058561064e-06
programmed (-3e12 /cm2),9.0,0.6285013607160632,1.6169732026175547e-06
